<?xml version="1.0" encoding="UTF-8"?>
<project-private xmlns="http://www.netbeans.org/ns/project-private/1">
    <editor-bookmarks xmlns="http://www.netbeans.org/ns/editor-bookmarks/2" lastBookmarkId="0"/>
    <open-files xmlns="http://www.netbeans.org/ns/projectui-open-files/2">
        <group>
            <file>file:/C:/Users/HP/Documents/NetBeansProjects/Quiz%20Saarthi/src/quiz/saarthi/QuizSaarthi.java</file>
            <file>file:/C:/Users/HP/Documents/NetBeansProjects/Quiz%20Saarthi/src/indexmain.java</file>
            <file>file:/C:/Users/HP/Documents/NetBeansProjects/Quiz%20Saarthi/src/adminloginpage.java</file>
            <file>file:/C:/Users/HP/Documents/NetBeansProjects/Quiz%20Saarthi/src/index.java</file>
            <file>file:/C:/Users/HP/Documents/NetBeansProjects/Quiz%20Saarthi/src/adminhome.java</file>
            <file>file:/C:/Users/HP/Documents/NetBeansProjects/Quiz%20Saarthi/src/project/ConnectionProvider.java</file>
            <file>file:/C:/Users/HP/Documents/NetBeansProjects/Quiz%20Saarthi/src/allques.java</file>
            <file>file:/C:/Users/HP/Documents/NetBeansProjects/Quiz%20Saarthi/src/deleteques.java</file>
            <file>file:/C:/Users/HP/Documents/NetBeansProjects/Quiz%20Saarthi/src/Add.java</file>
            <file>file:/C:/Users/HP/Documents/NetBeansProjects/Quiz%20Saarthi/src/update.java</file>
            <file>file:/C:/Users/HP/Documents/NetBeansProjects/Quiz%20Saarthi/src/studentdetail.java</file>
            <file>file:/C:/Users/HP/Documents/NetBeansProjects/Quiz%20Saarthi/src/Studentinstruction.java</file>
            <file>file:/C:/Users/HP/Documents/NetBeansProjects/Quiz%20Saarthi/src/Examinationpage.java</file>
            <file>file:/C:/Users/HP/Documents/NetBeansProjects/Quiz%20Saarthi/src/ActionListner.java</file>
            <file>file:/C:/Users/HP/Documents/NetBeansProjects/Quiz%20Saarthi/src/time.java</file>
            <file>file:/C:/Users/HP/Documents/NetBeansProjects/Quiz%20Saarthi/src/studentresult.java</file>
        </group>
    </open-files>
</project-private>
